{
  "schema_version": "3.0",
  "trained_on": {
    "asof": "2026-02-27T14:30:26.024536"
  },
  "tiers": {
    "<$1B": {
      "n_banks": 10000,
      "n_rows": 10000,
      "features": [
        "efficiencyRatio",
        "nonInterestIncomePercent",
        "yieldOnLoans",
        "costOfFunds"
      ],
      "scaler": {
        "mean": [
          69.65573954365367,
          13.900343354312643,
          7.4283086086726415,
          1.2301485508411751
        ],
        "scale": [
          37.04899078719638,
          16.134392286650932,
          38.7752262016619,
          0.6054306439713525
        ]
      },
      "targets": {
        "returnOnAssets": {
          "coef": [
            -0.02949904462456905,
            0.10524275673653342,
            0.03150218216985145,
            -0.2845675196233577
          ],
          "intercept": 1.8120238720291761,
          "rmse": 6.020065408324048
        },
        "costOfFunds": {
          "coef": [
            0.0006881677387698934,
            -0.008605334645345524,
            -0.0001570513596160839,
            0.0
          ],
          "intercept": 1.3029974502827792,
          "rmse": 0.5888864108962214
        },
        "netInterestMargin": {
          "coef": [
            0.0,
            0.0,
            0.002297836844962503,
            -2.6288600513180648e-20
          ],
          "intercept": 2.613149523384636,
          "rmse": 1.6440327699685764
        },
        "nptlRatio": {
          "coef": [
            0.0,
            0.0,
            0.0003086593468492796,
            0.0
          ],
          "intercept": 0.8593761673635831,
          "rmse": 1.4654939315766196
        }
      },
      "tradeoffs": {
        "efficiencyRatio": {
          "nonInterestIncomePercent": 0.014974221697380037,
          "yieldOnLoans": 0.13587380244177885,
          "costOfFunds": 0.0005379703846006379
        },
        "nonInterestIncomePercent": {
          "efficiencyRatio": 0.07895721097475643,
          "yieldOnLoans": 0.11174568276750022,
          "costOfFunds": -0.008568548651419268
        },
        "yieldOnLoans": {
          "efficiencyRatio": 0.12404515723447182,
          "nonInterestIncomePercent": 0.01934760879418335,
          "costOfFunds": -0.00023818013251786932
        },
        "costOfFunds": {
          "efficiencyRatio": 2.0145698722095684,
          "nonInterestIncomePercent": -6.085323812911531,
          "yieldOnLoans": -0.9769794178350443
        }
      },
      "confidence_metrics": {
        "efficiencyRatio": {
          "mean": 69.65573954365367,
          "std": 37.05084337568103,
          "p10": 48.465109090797256,
          "p90": 89.38847849069217
        },
        "nonInterestIncomePercent": {
          "mean": 13.900343354312643,
          "std": 16.135199066774277,
          "p10": 3.6621859130306817,
          "p90": 22.823378754768438
        },
        "yieldOnLoans": {
          "mean": 7.4283086086726415,
          "std": 38.777165108391195,
          "p10": 3.536532338697559,
          "p90": 9.345305992529513
        },
        "costOfFunds": {
          "mean": 1.2301485508411751,
          "std": 0.6054609177741052,
          "p10": 0.5323181047543986,
          "p90": 2.0363393218965284
        }
      }
    },
    "$1B-$10B": {
      "n_banks": 7126,
      "n_rows": 7126,
      "features": [
        "efficiencyRatio",
        "nonInterestIncomePercent",
        "yieldOnLoans",
        "costOfFunds"
      ],
      "scaler": {
        "mean": [
          65.08093282277018,
          17.69383653316453,
          18.62292607087888,
          1.2553348041991534
        ],
        "scale": [
          59.739587819323454,
          33.35652985046602,
          561.8926964836368,
          0.7331752406553983
        ]
      },
      "targets": {
        "returnOnAssets": {
          "coef": [
            -8.734833745564245e-18,
            0.006298890670692685,
            3.352481321547187e-05,
            -7.723027785285561e-37
          ],
          "intercept": 0.6175140695503016,
          "rmse": 1.3005341311938043
        },
        "costOfFunds": {
          "coef": [
            8.333436491652718e-05,
            -0.0006515370910398032,
            9.411969695256514e-06,
            0.0
          ],
          "intercept": 1.2612642383625283,
          "rmse": 0.7327172219218142
        },
        "netInterestMargin": {
          "coef": [
            0.0,
            0.0,
            1.3629005634119866e-05,
            -1.8973891761108917e-17
          ],
          "intercept": 1.9975778597271747,
          "rmse": 1.3544498109696181
        },
        "nptlRatio": {
          "coef": [
            0.0,
            0.0,
            -2.3600203585943664e-05,
            0.0
          ],
          "intercept": 0.7274400424649333,
          "rmse": 1.0769464665113495
        }
      },
      "tradeoffs": {
        "efficiencyRatio": {
          "nonInterestIncomePercent": -0.39268501386899585,
          "yieldOnLoans": -0.05673697778080336,
          "costOfFunds": 0.000338649209832185
        },
        "nonInterestIncomePercent": {
          "efficiencyRatio": -1.259525729375814,
          "yieldOnLoans": 0.4055499302001202,
          "costOfFunds": -0.0007526818441404068
        },
        "yieldOnLoans": {
          "efficiencyRatio": -0.0006413334142265541,
          "nonInterestIncomePercent": 0.0014292206557753734,
          "costOfFunds": 8.427334313964284e-06
        },
        "costOfFunds": {
          "efficiencyRatio": 2.2483241707850863,
          "nonInterestIncomePercent": -1.5579646056330714,
          "yieldOnLoans": 4.949728937711153
        }
      },
      "confidence_metrics": {
        "efficiencyRatio": {
          "mean": 65.08093282277018,
          "std": 59.74377992401402,
          "p10": 44.962946460795315,
          "p90": 83.3945464079681
        },
        "nonInterestIncomePercent": {
          "mean": 17.69383653316453,
          "std": 33.35887057745044,
          "p10": 5.9292101435211695,
          "p90": 30.87947589091315
        },
        "yieldOnLoans": {
          "mean": 18.62292607087888,
          "std": 561.9321261666074,
          "p10": 1.6845415007899678,
          "p90": 7.762335892248984
        },
        "costOfFunds": {
          "mean": 1.2553348041991534,
          "std": 0.7332266897443116,
          "p10": 0.4202884775428195,
          "p90": 2.2607015031013056
        }
      }
    },
    "$10B-$50B": {
      "n_banks": 886,
      "n_rows": 886,
      "features": [
        "efficiencyRatio",
        "nonInterestIncomePercent",
        "yieldOnLoans",
        "costOfFunds"
      ],
      "scaler": {
        "mean": [
          56.14936054550836,
          15.6144578671851,
          5.615430864935827,
          1.2863158166922608
        ],
        "scale": [
          25.572697141279487,
          30.89436457030106,
          6.643402554023853,
          0.8343291411575255
        ]
      },
      "targets": {
        "returnOnAssets": {
          "coef": [
            -0.007620542858090107,
            0.0023007199944417678,
            0.039585128207490786,
            -1.942407633972643e-18
          ],
          "intercept": 0.7918586738010237,
          "rmse": 0.5290583629444637
        },
        "costOfFunds": {
          "coef": [
            0.00876635256523473,
            0.0029061123173662975,
            0.044719285858380066,
            0.0
          ],
          "intercept": 0.4975952994339945,
          "rmse": 0.7608042024105619
        },
        "netInterestMargin": {
          "coef": [
            0.0,
            0.0,
            0.11393294554733642,
            -9.891551805697775e-19
          ],
          "intercept": 1.264155129822604,
          "rmse": 1.3520762973875526
        },
        "nptlRatio": {
          "coef": [
            0.0,
            0.0,
            0.030034813299322713,
            0.0
          ],