{
  "schema_version": "3.0",
  "trained_on": {
    "asof": "2026-02-27T12:01:12.859906"
  },
  "tiers": {
    "<$1B": {
      "n_banks": 5000,
      "n_rows": 5000,
      "features": [
        "efficiencyRatio",
        "nonInterestIncomePercent",
        "yieldOnLoans",
        "costOfFunds"
      ],
      "scaler": {
        "mean": [
          68.45723047299397,
          13.46106813066434,
          9.392761901257968,
          1.4789438183842663
        ],
        "scale": [
          34.66221617086642,
          15.102186751907304,
          49.9382203546583,
          0.6274935498649981
        ]
      },
      "targets": {
        "returnOnAssets": {
          "coef": [
            -0.02775082910312471,
            0.0937103300444886,
            0.006341012392533545,
            -0.4171307875075403
          ],
          "intercept": 2.4251789294084585,
          "rmse": 2.926414872669431
        },
        "costOfFunds": {
          "coef": [
            0.0,
            0.0,
            0.0,
            0.9999999999999976
          ],
          "intercept": 3.552713678800501e-15,
          "rmse": 1.534600813751099e-15
        },
        "netInterestMargin": {
          "coef": [
            0.0,
            0.0,
            0.0013861086671364937,
            -7.031416061241756e-16
          ],
          "intercept": 3.231777516282905,
          "rmse": 1.956404961355381
        },
        "nptlRatio": {
          "coef": [
            0.0,
            0.0,
            0.0004366885135273567,
            0.0
          ],
          "intercept": 0.8801494100966564,
          "rmse": 1.5203410955266248
        }
      },
      "tradeoffs": {
        "efficiencyRatio": {
          "nonInterestIncomePercent": 0.012666530578580987,
          "yieldOnLoans": 0.2565672791794041,
          "costOfFunds": 0.0009119750313357643
        },
        "nonInterestIncomePercent": {
          "efficiencyRatio": 0.06672531856717419,
          "yieldOnLoans": 0.1954650145957295,
          "costOfFunds": -0.00931781410263271
        },
        "yieldOnLoans": {
          "efficiencyRatio": 0.12360834701279332,
          "nonInterestIncomePercent": 0.01787650383245867,
          "costOfFunds": -0.0005846950344800965
        },
        "costOfFunds": {
          "efficiencyRatio": 2.782768437924534,
          "nonInterestIncomePercent": -5.397282902877208,
          "yieldOnLoans": -3.7031985386226944
        }
      },
      "confidence_metrics": {
        "efficiencyRatio": {
          "mean": 68.45723047299397,
          "std": 34.66568291250343,
          "p10": 48.483052078844786,
          "p90": 86.83670941847474
        },
        "nonInterestIncomePercent": {
          "mean": 13.46106813066434,
          "std": 15.103697197153059,
          "p10": 3.7350138196004563,
          "p90": 22.181461794550017
        },
        "yieldOnLoans": {
          "mean": 9.392761901257968,
          "std": 49.94321492589194,
          "p10": 5.450828707137957,
          "p90": 10.457114055663563
        },
        "costOfFunds": {
          "mean": 1.4789438183842663,
          "std": 0.6275563086339567,
          "p10": 0.7145865501704172,
          "p90": 2.2898773001573893
        }
      }
    },
    "$1B-$10B": {
      "n_banks": 5000,
      "n_rows": 5000,
      "features": [
        "efficiencyRatio",
        "nonInterestIncomePercent",
        "yieldOnLoans",
        "costOfFunds"
      ],
      "scaler": {
        "mean": [
          64.62992693243935,
          17.171709257105,
          22.329366916426313,
          1.3932470048993977
        ],
        "scale": [
          70.13070134323674,
          38.73421282739931,
          645.5462325823673,
          0.7623245202204534
        ]
      },
      "targets": {
        "returnOnAssets": {
          "coef": [
            -5.43431932628259e-15,
            0.005434416482024705,
            3.1429958681629883e-05,
            -5.6727698558034086e-21
          ],
          "intercept": 0.7372156539761892,
          "rmse": 1.4234043304030832
        },
        "costOfFunds": {
          "coef": [
            0.0,
            0.0,
            0.0,
            1.0000000000000007
          ],
          "intercept": -8.881784197001252e-16,
          "rmse": 5.096015048092847e-16
        },
        "netInterestMargin": {
          "coef": [
            0.0,
            0.0,
            4.7940813743091975e-06,
            -2.4760262395327234e-20
          ],
          "intercept": 2.273045035173796,
          "rmse": 1.4212892173921747
        },
        "nptlRatio": {
          "coef": [
            0.0,
            0.0,
            -2.4070799050162146e-05,
            0.0
          ],
          "intercept": 0.7608266149724832,
          "rmse": 1.1013248812552583
        }
      },
      "tradeoffs": {
        "efficiencyRatio": {
          "nonInterestIncomePercent": -0.40880156978177734,
          "yieldOnLoans": -0.048301861662331184,
          "costOfFunds": 0.0003235619476870671
        },
        "nonInterestIncomePercent": {
          "efficiencyRatio": -1.3401069207007001,
          "yieldOnLoans": 0.37929760325535455,
          "costOfFunds": -0.0004838140612332968
        },
        "yieldOnLoans": {
          "efficiencyRatio": -0.0005700665153500562,
          "nonInterestIncomePercent": 0.0013655728245945081,
          "costOfFunds": 4.652306744569332e-06
        },
        "costOfFunds": {
          "efficiencyRatio": 2.738381971865461,
          "nonInterestIncomePercent": -1.2490740246196268,
          "yieldOnLoans": 3.3361323026606273
        }
      },
      "confidence_metrics": {
        "efficiencyRatio": {
          "mean": 64.62992693243935,
          "std": 70.13771546550693,
          "p10": 44.777717005535294,
          "p90": 82.72706425884888
        },
        "nonInterestIncomePercent": {
          "mean": 17.171709257105,
          "std": 38.738086829792096,
          "p10": 5.951412058287288,
          "p90": 30.208506234727693
        },
        "yieldOnLoans": {
          "mean": 22.329366916426313,
          "std": 645.6107968904332,
          "p10": 1.7822304616660893,
          "p90": 8.100472484010657
        },
        "costOfFunds": {
          "mean": 1.3932470048993977,
          "std": 0.7624007641092494,
          "p10": 0.45169987522138705,
          "p90": 2.3992295557309853
        }
      }
    },
    "$10B-$50B": {
      "n_banks": 5000,
      "n_rows": 5000,
      "features": [
        "efficiencyRatio",
        "nonInterestIncomePercent",
        "yieldOnLoans",
        "costOfFunds"
      ],
      "scaler": {
        "mean": [
          56.703736991080866,
          19.757546139619773,
          5.0479157457075186,
          0.5415521305362012
        ],
        "scale": [
          30.990360137024854,
          19.29510829406679,
          44.24434555175326,
          0.6517532932930089
        ]
      },
      "targets": {
        "returnOnAssets": {
          "coef": [
            -0.011794166286354917,
            0.007701242722502829,
            0.0003277300737640339,
            -5.06673859767869e-15
          ],
          "intercept": 1.1744956817133105,
          "rmse": 0.6254887040804228
        },
        "costOfFunds": {
          "coef": [
            0.0,
            0.0,
            0.0,
            0.9999999999999991
          ],
          "intercept": 4.440892098500626e-16,
          "rmse": 5.794252770129729e-16
        },
        "netInterestMargin": {
          "coef": [
            0.0,
            0.0,
            0.0014897530879818275,
            -4.4446058577235204e-20
          ],
          "intercept": 1.9398468760825829,
          "rmse": 1.5875532673748154
        },
        "nptlRatio": {
          "coef": [
            0.0,
            0.0,
            0.0002617947673200134,
            0.0
          ],
          "intercept": 1.1861695393677532,
          "rmse": 2.3414100419193487
        }
      },